[
  {
    "0": "Customer ID",
    "1": "Company Name",
    "2": "Contact Name",
    "3": "Contact Title",
    "4": "Address",
    "5": "City",
    "6": "Region",
    "7": "Postal Code",
    "8": "Country",
    "9": "Phone Number",
    "10": "Fax"
  },
  {
    "0": "ALFKI",
    "1": "Alfreds Futterkiste",
    "2": "Maria Anders",
    "3": "Sales Representative",
    "4": "Obere Str. 57",
    "5": "Berlin",
    "6": "NULL",
    "7": "12209",
    "8": "Germany",
    "9": "030-0074321",
    "10": "030-0076545"
  },
  {
    "0": "ANATR",
    "1": "Ana Trujillo Emparedados y helados",
    "2": "Ana Trujillo",
    "3": "Owner",
    "4": "Avda. de la ConstituciÃ³n 2222",
    "5": "MÃ©xico D.F.",
    "6": "NULL",
    "7": "05021",
    "8": "Mexico",
    "9": "(5) 555-4729",
    "10": "(5) 555-3745"
  },
  {
    "0": "ANTON",
    "1": "Antonio Moreno TaquerÃ­a",
    "2": "Antonio Moreno",
    "3": "Owner",
    "4": "Mataderos  2312",
    "5": "MÃ©xico D.F.",
    "6": "NULL",
    "7": "05023",
    "8": "Mexico",
    "9": "(5) 555-3932",
    "10": "NULL"
  },
  {
    "0": "AROUT",
    "1": "Around the Horn",
    "2": "Thomas Hardy",
    "3": "Sales Representative",
    "4": "120 Hanover Sq.",
    "5": "London",
    "6": "NULL",
    "7": "WA1 1DP",
    "8": "UK",
    "9": "(171) 555-7788",
    "10": "(171) 555-6750"
  },
  {
    "0": "BERGS",
    "1": "Berglunds snabbkÃ¶p",
    "2": "Christina Berglund",
    "3": "Order Administrator",
    "4": "BerguvsvÃ¤gen  8",
    "5": "LuleÃ¥",
    "6": "NULL",
    "7": "S-958 22",
    "8": "Sweden",
    "9": "0921-12 34 65",
    "10": "0921-12 34 67"
  },
  {
    "0": "BLAUS",
    "1": "Blauer See Delikatessen",
    "2": "Hanna Moos",
    "3": "Sales Representative",
    "4": "Forsterstr. 57",
    "5": "Mannheim",
    "6": "NULL",
    "7": "68306",
    "8": "Germany",
    "9": "0621-08460",
    "10": "0621-08924"
  },
  {
    "0": "BLONP",
    "1": "Blondesddsl pÃ¨re et fils",
    "2": "FrÃ©dÃ©rique Citeaux",
    "3": "Marketing Manager",
    "4": "24 place KlÃ©ber",
    "5": "Strasbourg",
    "6": "NULL",
    "7": "67000",
    "8": "France",
    "9": "88.60.15.31",
    "10": "88.60.15.32"
  },
  {
    "0": "BOLID",
    "1": "BÃ³lido Comidas preparadas",
    "2": "MartÃ­n Sommer",
    "3": "Owner",
    "4": "67C Araquil",
    "5": "Madrid",
    "6": "NULL",
    "7": "28023",
    "8": "Spain",
    "9": "(91) 555 22 82",
    "10": "(91) 555 91 99"
  },
  {
    "0": "BONAP",
    "1": "Bon app'",
    "2": "Laurence Lebihan",
    "3": "Owner",
    "4": "12 rue des Bouchers",
    "5": "Marseille",
    "6": "NULL",
    "7": "13008",
    "8": "France",
    "9": "91.24.45.40",
    "10": "91.24.45.41"
  },
  {
    "0": "BOTTM",
    "1": "Bottom-Dollar Markets",
    "2": "Elizabeth Lincoln",
    "3": "Accounting Manager",
    "4": "23 Tsawassen Blvd.",
    "5": "Tsawassen",
    "6": "BC",
    "7": "T2F 8M4",
    "8": "Canada",
    "9": "(604) 555-4729",
    "10": "(604) 555-3745"
  },
  {
    "0": "BSBEV",
    "1": "B's Beverages",
    "2": "Victoria Ashworth",
    "3": "Sales Representative",
    "4": "Fauntleroy Circus",
    "5": "London",
    "6": "NULL",
    "7": "EC2 5NT",
    "8": "UK",
    "9": "(171) 555-1212",
    "10": "NULL"
  },
  {
    "0": "CACTU",
    "1": "Cactus Comidas para llevar",
    "2": "Patricio Simpson",
    "3": "Sales Agent",
    "4": "Cerrito 333",
    "5": "Buenos Aires",
    "6": "NULL",
    "7": "1010",
    "8": "Argentina",
    "9": "(1) 135-5555",
    "10": "(1) 135-4892"
  },
  {
    "0": "CENTC",
    "1": "Centro comercial Moctezuma",
    "2": "Francisco Chang",
    "3": "Marketing Manager",
    "4": "Sierras de Granada 9993",
    "5": "MÃ©xico D.F.",
    "6": "NULL",
    "7": "05022",
    "8": "Mexico",
    "9": "(5) 555-3392",
    "10": "(5) 555-7293"
  },
  {
    "0": "CHOPS",
    "1": "Chop-suey Chinese",
    "2": "Yang Wang",
    "3": "Owner",
    "4": "Hauptstr. 29",
    "5": "Bern",
    "6": "NULL",
    "7": "3012",
    "8": "Switzerland",
    "9": "0452-076545",
    "10": "NULL"
  },
  {
    "0": "COMMI",
    "1": "ComÃ©rcio Mineiro",
    "2": "Pedro Afonso",
    "3": "Sales Associate",
    "4": "23 Av. dos LusÃ­adas",
    "5": "Sao Paulo",
    "6": "SP",
    "7": "05432-043",
    "8": "Brazil",
    "9": "(11) 555-7647",
    "10": "NULL"
  },
  {
    "0": "CONSH",
    "1": "Consolidated Holdings",
    "2": "Elizabeth Brown",
    "3": "Sales Representative",
    "4": "Berkeley Gardens 12  Brewery",
    "5": "London",
    "6": "NULL",
    "7": "WX1 6LT",
    "8": "UK",
    "9": "(171) 555-2282",
    "10": "(171) 555-9199"
  },
  {
    "0": "DRACD",
    "1": "Drachenblut Delikatessen",
    "2": "Sven Ottlieb",
    "3": "Order Administrator",
    "4": "Walserweg 21",
    "5": "Aachen",
    "6": "NULL",
    "7": "52066",
    "8": "Germany",
    "9": "0241-039123",
    "10": "0241-059428"
  },
  {
    "0": "DUMON",
    "1": "Du monde entier",
    "2": "Janine Labrune",
    "3": "Owner",
    "4": "67 rue des Cinquante Otages",
    "5": "Nantes",
    "6": "NULL",
    "7": "44000",
    "8": "France",
    "9": "40.67.88.88",
    "10": "40.67.89.89"
  },
  {
    "0": "EASTC",
    "1": "Eastern Connection",
    "2": "Ann Devon",
    "3": "Sales Agent",
    "4": "35 King George",
    "5": "London",
    "6": "NULL",
    "7": "WX3 6FW",
    "8": "UK",
    "9": "(171) 555-0297",
    "10": "(171) 555-3373"
  },
  {
    "0": "ERNSH",
    "1": "Ernst Handel",
    "2": "Roland Mendel",
    "3": "Sales Manager",
    "4": "Kirchgasse 6",
    "5": "Graz",
    "6": "NULL",
    "7": "8010",
    "8": "Austria",
    "9": "7675-3425",
    "10": "7675-3426"
  },
  {
    "0": "FAMIA",
    "1": "Familia Arquibaldo",
    "2": "Aria Cruz",
    "3": "Marketing Assistant",
    "4": "Rua OrÃ³s 92",
    "5": "Sao Paulo",
    "6": "SP",
    "7": "05442-030",
    "8": "Brazil",
    "9": "(11) 555-9857",
    "10": "NULL"
  },
  {
    "0": "FISSA",
    "1": "FISSA Fabrica Inter. Salchichas S.A.",
    "2": "Diego Roel",
    "3": "Accounting Manager",
    "4": "C/ Moralzarzal 86",
    "5": "Madrid",
    "6": "NULL",
    "7": "28034",
    "8": "Spain",
    "9": "(91) 555 94 44",
    "10": "(91) 555 55 93"
  },
  {
    "0": "FOLIG",
    "1": "Folies gourmandes",
    "2": "Martine RancÃ©",
    "3": "Assistant Sales Agent",
    "4": "184 chaussÃ©e de Tournai",
    "5": "Lille",
    "6": "NULL",
    "7": "59000",
    "8": "France",
    "9": "20.16.10.16",
    "10": "20.16.10.17"
  },
  {
    "0": "FOLKO",
    "1": "Folk och fÃ¤ HB",
    "2": "Maria Larsson",
    "3": "Owner",
    "4": "Ãkergatan 24",
    "5": "BrÃ¤cke",
    "6": "NULL",
    "7": "S-844 67",
    "8": "Sweden",
    "9": "0695-34 67 21",
    "10": "NULL"
  },
  {
    "0": "FRANK",
    "1": "Frankenversand",
    "2": "Peter Franken",
    "3": "Marketing Manager",
    "4": "Berliner Platz 43",
    "5": "MÃ¼nchen",
    "6": "NULL",
    "7": "80805",
    "8": "Germany",
    "9": "089-0877310",
    "10": "089-0877451"
  },
  {
    "0": "FRANR",
    "1": "France restauration",
    "2": "Carine Schmitt",
    "3": "Marketing Manager",
    "4": "54 rue Royale",
    "5": "Nantes",
    "6": "NULL",
    "7": "44000",
    "8": "France",
    "9": "40.32.21.21",
    "10": "40.32.21.20"
  },
  {
    "0": "FRANS",
    "1": "Franchi S.p.A.",
    "2": "Paolo Accorti",
    "3": "Sales Representative",
    "4": "Via Monte Bianco 34",
    "5": "Torino",
    "6": "NULL",
    "7": "10100",
    "8": "Italy",
    "9": "011-4988260",
    "10": "011-4988261"
  },
  {
    "0": "FURIB",
    "1": "Furia Bacalhau e Frutos do Mar",
    "2": "Lino Rodriguez",
    "3": "Sales Manager",
    "4": "Jardim das rosas n. 32",
    "5": "Lisboa",
    "6": "NULL",
    "7": "1675",
    "8": "Portugal",
    "9": "(1) 354-2534",
    "10": "(1) 354-2535"
  },
  {
    "0": "GALED",
    "1": "GalerÃ­a del gastrÃ³nomo",
    "2": "Eduardo Saavedra",
    "3": "Marketing Manager",
    "4": "Rambla de CataluÃ±a 23",
    "5": "Barcelona",
    "6": "NULL",
    "7": "08022",
    "8": "Spain",
    "9": "(93) 203 4560",
    "10": "(93) 203 4561"
  },
  {
    "0": "GODOS",
    "1": "Godos Cocina TÃ­pica",
    "2": "JosÃ© Pedro Freyre",
    "3": "Sales Manager",
    "4": "C/ Romero 33",
    "5": "Sevilla",
    "6": "NULL",
    "7": "41101",
    "8": "Spain",
    "9": "(95) 555 82 82",
    "10": "NULL"
  },
  {
    "0": "GOURL",
    "1": "Gourmet Lanchonetes",
    "2": "AndrÃ© Fonseca",
    "3": "Sales Associate",
    "4": "Av. Brasil 442",
    "5": "Campinas",
    "6": "SP",
    "7": "04876-786",
    "8": "Brazil",
    "9": "(11) 555-9482",
    "10": "NULL"
  },
  {
    "0": "GREAL",
    "1": "Great Lakes Food Market",
    "2": "Howard Snyder",
    "3": "Marketing Manager",
    "4": "2732 Baker Blvd.",
    "5": "Eugene",
    "6": "OR",
    "7": "97403",
    "8": "USA",
    "9": "(503) 555-7555",
    "10": "NULL"
  },
  {
    "0": "GROSR",
    "1": "GROSELLA-Restaurante",
    "2": "Manuel Pereira",
    "3": "Owner",
    "4": "5Âª Ave. Los Palos Grandes",
    "5": "Caracas",
    "6": "DF",
    "7": "1081",
    "8": "Venezuela",
    "9": "(2) 283-2951",
    "10": "(2) 283-3397"
  },
  {
    "0": "HANAR",
    "1": "Hanari Carnes",
    "2": "Mario Pontes",
    "3": "Accounting Manager",
    "4": "Rua do PaÃ§o 67",
    "5": "Rio de Janeiro",
    "6": "RJ",
    "7": "05454-876",
    "8": "Brazil",
    "9": "(21) 555-0091",
    "10": "(21) 555-8765"
  },
  {
    "0": "HILAA",
    "1": "HILARION-Abastos",
    "2": "Carlos HernÃ¡ndez",
    "3": "Sales Representative",
    "4": "Carrera 22 con Ave. Carlos Soublette #8-35",
    "5": "San CristÃ³bal",
    "6": "TÃ¡chira",
    "7": "5022",
    "8": "Venezuela",
    "9": "(5) 555-1340",
    "10": "(5) 555-1948"
  },
  {
    "0": "HUNGC",
    "1": "Hungry Coyote Import Store",
    "2": "Yoshi Latimer",
    "3": "Sales Representative",
    "4": "City Center Plaza 516 Main St.",
    "5": "Elgin",
    "6": "OR",
    "7": "97827",
    "8": "USA",
    "9": "(503) 555-6874",
    "10": "(503) 555-2376"
  },
  {
    "0": "HUNGO",
    "1": "Hungry Owl All-Night Grocers",
    "2": "Patricia McKenna",
    "3": "Sales Associate",
    "4": "8 Johnstown Road",
    "5": "Cork",
    "6": "Co. Cork",
    "7": "NULL",
    "8": "Ireland",
    "9": "2967 542",
    "10": "2967 3333"
  },
  {
    "0": "ISLAT",
    "1": "Island Trading",
    "2": "Helen Bennett",
    "3": "Marketing Manager",
    "4": "Garden House Crowther Way",
    "5": "Cowes",
    "6": "Isle of Wight",
    "7": "PO31 7PJ",
    "8": "UK",
    "9": "(198) 555-8888",
    "10": "NULL"
  },
  {
    "0": "KOENE",
    "1": "KÃ¶niglich Essen",
    "2": "Philip Cramer",
    "3": "Sales Associate",
    "4": "Maubelstr. 90",
    "5": "Brandenburg",
    "6": "NULL",
    "7": "14776",
    "8": "Germany",
    "9": "0555-09876",
    "10": "NULL"
  },
  {
    "0": "LACOR",
    "1": "La corne d'abondance",
    "2": "Daniel Tonini",
    "3": "Sales Representative",
    "4": "67 avenue de l'Europe",
    "5": "Versailles",
    "6": "NULL",
    "7": "78000",
    "8": "France",
    "9": "30.59.84.10",
    "10": "30.59.85.11"
  },
  {
    "0": "LAMAI",
    "1": "La maison d'Asie",
    "2": "Annette Roulet",
    "3": "Sales Manager",
    "4": "1 rue Alsace-Lorraine",
    "5": "Toulouse",
    "6": "NULL",
    "7": "31000",
    "8": "France",
    "9": "61.77.61.10",
    "10": "61.77.61.11"
  },
  {
    "0": "LAUGB",
    "1": "Laughing Bacchus Wine Cellars",
    "2": "Yoshi Tannamuri",
    "3": "Marketing Assistant",
    "4": "1900 Oak St.",
    "5": "Vancouver",
    "6": "BC",
    "7": "V3F 2K1",
    "8": "Canada",
    "9": "(604) 555-3392",
    "10": "(604) 555-7293"
  },
  {
    "0": "LAZYK",
    "1": "Lazy K Kountry Store",
    "2": "John Steel",
    "3": "Marketing Manager",
    "4": "12 Orchestra Terrace",
    "5": "Walla Walla",
    "6": "WA",
    "7": "99362",
    "8": "USA",
    "9": "(509) 555-7969",
    "10": "(509) 555-6221"
  },
  {
    "0": "LEHMS",
    "1": "Lehmanns Marktstand",
    "2": "Renate Messner",
    "3": "Sales Representative",
    "4": "Magazinweg 7",
    "5": "Frankfurt a.M.",
    "6": "NULL",
    "7": "60528",
    "8": "Germany",
    "9": "069-0245984",
    "10": "069-0245874"
  },
  {
    "0": "LETSS",
    "1": "Let's Stop N Shop",
    "2": "Jaime Yorres",
    "3": "Owner",
    "4": "87 Polk St. Suite 5",
    "5": "San Francisco",
    "6": "CA",
    "7": "94117",
    "8": "USA",
    "9": "(415) 555-5938",
    "10": "NULL"
  },
  {
    "0": "LILAS",
    "1": "LILA-Supermercado",
    "2": "Carlos GonzÃ¡lez",
    "3": "Accounting Manager",
    "4": "Carrera 52 con Ave. BolÃ­var #65-98 Llano Largo",
    "5": "Barquisimeto",
    "6": "Lara",
    "7": "3508",
    "8": "Venezuela",
    "9": "(9) 331-6954",
    "10": "(9) 331-7256"
  },
  {
    "0": "LINOD",
    "1": "LINO-Delicateses",
    "2": "Felipe Izquierdo",
    "3": "Owner",
    "4": "Ave. 5 de Mayo Porlamar",
    "5": "I. de Margarita",
    "6": "Nueva Esparta",
    "7": "4980",
    "8": "Venezuela",
    "9": "(8) 34-56-12",
    "10": "(8) 34-93-93"
  },
  {
    "0": "LONEP",
    "1": "Lonesome Pine Restaurant",
    "2": "Fran Wilson",
    "3": "Sales Manager",
    "4": "89 Chiaroscuro Rd.",
    "5": "Portland",
    "6": "OR",
    "7": "97219",
    "8": "USA",
    "9": "(503) 555-9573",
    "10": "(503) 555-9646"
  },
  {
    "0": "MAGAA",
    "1": "Magazzini Alimentari Riuniti",
    "2": "Giovanni Rovelli",
    "3": "Marketing Manager",
    "4": "Via Ludovico il Moro 22",
    "5": "Bergamo",
    "6": "NULL",
    "7": "24100",
    "8": "Italy",
    "9": "035-640230",
    "10": "035-640231"
  },
  {
    "0": "MAISD",
    "1": "Maison Dewey",
    "2": "Catherine Dewey",
    "3": "Sales Agent",
    "4": "Rue Joseph-Bens 532",
    "5": "Bruxelles",
    "6": "NULL",
    "7": "B-1180",
    "8": "Belgium",
    "9": "(02) 201 24 67",
    "10": "(02) 201 24 68"
  },
  {
    "0": "MEREP",
    "1": "MÃ¨re Paillarde",
    "2": "Jean FresniÃ¨re",
    "3": "Marketing Assistant",
    "4": "43 rue St. Laurent",
    "5": "MontrÃ©al",
    "6": "QuÃ©bec",
    "7": "H1J 1C3",
    "8": "Canada",
    "9": "(514) 555-8054",
    "10": "(514) 555-8055"
  },
  {
    "0": "MORGK",
    "1": "Morgenstern Gesundkost",
    "2": "Alexander Feuer",
    "3": "Marketing Assistant",
    "4": "Heerstr. 22",
    "5": "Leipzig",
    "6": "NULL",
    "7": "04179",
    "8": "Germany",
    "9": "0342-023176",
    "10": "NULL"
  },
  {
    "0": "NORTS",
    "1": "North/South",
    "2": "Simon Crowther",
    "3": "Sales Associate",
    "4": "South House 300 Queensbridge",
    "5": "London",
    "6": "NULL",
    "7": "SW7 1RZ",
    "8": "UK",
    "9": "(171) 555-7733",
    "10": "(171) 555-2530"
  },
  {
    "0": "OCEAN",
    "1": "OcÃ©ano AtlÃ¡ntico Ltda.",
    "2": "Yvonne Moncada",
    "3": "Sales Agent",
    "4": "Ing. Gustavo Moncada 8585 Piso 20-A",
    "5": "Buenos Aires",
    "6": "NULL",
    "7": "1010",
    "8": "Argentina",
    "9": "(1) 135-5333",
    "10": "(1) 135-5535"
  },
  {
    "0": "OLDWO",
    "1": "Old World Delicatessen",
    "2": "Rene Phillips",
    "3": "Sales Representative",
    "4": "2743 Bering St.",
    "5": "Anchorage",
    "6": "AK",
    "7": "99508",
    "8": "USA",
    "9": "(907) 555-7584",
    "10": "(907) 555-2880"
  },
  {
    "0": "OTTIK",
    "1": "Ottilies KÃ¤seladen",
    "2": "Henriette Pfalzheim",
    "3": "Owner",
    "4": "Mehrheimerstr. 369",
    "5": "KÃ¶ln",
    "6": "NULL",
    "7": "50739",
    "8": "Germany",
    "9": "0221-0644327",
    "10": "0221-0765721"
  },
  {
    "0": "PARIS",
    "1": "Paris spÃ©cialitÃ©s",
    "2": "Marie Bertrand",
    "3": "Owner",
    "4": "265 boulevard Charonne",
    "5": "Paris",
    "6": "NULL",
    "7": "75012",
    "8": "France",
    "9": "(1) 42.34.22.66",
    "10": "(1) 42.34.22.77"
  },
  {
    "0": "PERIC",
    "1": "Pericles Comidas clÃ¡sicas",
    "2": "Guillermo FernÃ¡ndez",
    "3": "Sales Representative",
    "4": "Calle Dr. Jorge Cash 321",
    "5": "MÃ©xico D.F.",
    "6": "NULL",
    "7": "05033",
    "8": "Mexico",
    "9": "(5) 552-3745",
    "10": "(5) 545-3745"
  },
  {
    "0": "PICCO",
    "1": "Piccolo und mehr",
    "2": "Georg Pipps",
    "3": "Sales Manager",
    "4": "Geislweg 14",
    "5": "Salzburg",
    "6": "NULL",
    "7": "5020",
    "8": "Austria",
    "9": "6562-9722",
    "10": "6562-9723"
  },
  {
    "0": "PRINI",
    "1": "Princesa Isabel Vinhos",
    "2": "Isabel de Castro",
    "3": "Sales Representative",
    "4": "Estrada da saÃºde n. 58",
    "5": "Lisboa",
    "6": "NULL",
    "7": "1756",
    "8": "Portugal",
    "9": "(1) 356-5634",
    "10": "NULL"
  },
  {
    "0": "QUEDE",
    "1": "Que DelÃ­cia",
    "2": "Bernardo Batista",
    "3": "Accounting Manager",
    "4": "Rua da Panificadora",
    "5": "12Rio de Janeiro",
    "6": "RJ",
    "7": "02389-673",
    "8": "Brazil",
    "9": "(21) 555-4252",
    "10": "(21) 555-4545"
  },
  {
    "0": "QUEEN",
    "1": "Queen Cozinha",
    "2": "LÃºcia Carvalho",
    "3": "Marketing Assistant",
    "4": "Alameda dos CanÃ rios 891",
    "5": "Sao Paulo",
    "6": "SP",
    "7": "05487-020",
    "8": "Brazil",
    "9": "(11) 555-1189",
    "10": "NULL"
  },
  {
    "0": "QUICK",
    "1": "QUICK-Stop",
    "2": "Horst Kloss",
    "3": "Accounting Manager",
    "4": "TaucherstraÃe 10",
    "5": "Cunewalde",
    "6": "NULL",
    "7": "01307",
    "8": "Germany",
    "9": "0372-035188",
    "10": "NULL"
  },
  {
    "0": "RANCH",
    "1": "Rancho grande",
    "2": "Sergio GutiÃ©rrez",
    "3": "Sales Representative",
    "4": "Av. del Libertador 900",
    "5": "Buenos Aires",
    "6": "NULL",
    "7": "1010",
    "8": "Argentina",
    "9": "(1) 123-5555",
    "10": "(1) 123-5556"
  },
  {
    "0": "RATTC",
    "1": "Rattlesnake Canyon Grocery",
    "2": "Paula Wilson",
    "3": "Assistant Sales Representative",
    "4": "2817 Milton Dr.",
    "5": "Albuquerque",
    "6": "NM",
    "7": "87110",
    "8": "USA",
    "9": "(505) 555-5939",
    "10": "(505) 555-3620"
  },
  {
    "0": "REGGC",
    "1": "Reggiani Caseifici",
    "2": "Maurizio Moroni",
    "3": "Sales Associate",
    "4": "Strada Provinciale 124",
    "5": "Reggio Emilia",
    "6": "NULL",
    "7": "42100",
    "8": "Italy",
    "9": "0522-556721",
    "10": "0522-556722"
  },
  {
    "0": "RICAR",
    "1": "Ricardo Adocicados",
    "2": "Janete Limeira",
    "3": "Assistant Sales Agent",
    "4": "Av. Copacabana 267",
    "5": "Rio de Janeiro",
    "6": "RJ",
    "7": "02389-890",
    "8": "Brazil",
    "9": "(21) 555-3412",
    "10": "NULL"
  },
  {
    "0": "RICSU",
    "1": "Richter Supermarkt",
    "2": "Michael Holz",
    "3": "Sales Manager",
    "4": "Grenzacherweg 237",
    "5": "GenÃ¨ve",
    "6": "NULL",
    "7": "1203",
    "8": "Switzerland",
    "9": "0897-034214",
    "10": "NULL"
  },
  {
    "0": "ROMEY",
    "1": "Romero y tomillo",
    "2": "Alejandra Camino",
    "3": "Accounting Manager",
    "4": "Gran VÃ­a 1",
    "5": "Madrid",
    "6": "NULL",
    "7": "28001",
    "8": "Spain",
    "9": "(91) 745 6200",
    "10": "(91) 745 6210"
  },
  {
    "0": "SANTG",
    "1": "SantÃ© Gourmet",
    "2": "Jonas Bergulfsen",
    "3": "Owner",
    "4": "Erling Skakkes gate 78",
    "5": "Stavern",
    "6": "NULL",
    "7": "4110",
    "8": "Norway",
    "9": "07-98 92 35",
    "10": "07-98 92 47"
  },
  {
    "0": "SAVEA",
    "1": "Save-a-lot Markets",
    "2": "Jose Pavarotti",
    "3": "Sales Representative",
    "4": "187 Suffolk Ln.",
    "5": "Boise",
    "6": "ID",
    "7": "83720",
    "8": "USA",
    "9": "(208) 555-8097",
    "10": "NULL"
  },
  {
    "0": "SEVES",
    "1": "Seven Seas Imports",
    "2": "Hari Kumar",
    "3": "Sales Manager",
    "4": "90 Wadhurst Rd.",
    "5": "London",
    "6": "NULL",
    "7": "OX15 4NB",
    "8": "UK",
    "9": "(171) 555-1717",
    "10": "(171) 555-5646"
  },
  {
    "0": "SIMOB",
    "1": "Simons bistro",
    "2": "Jytte Petersen",
    "3": "Owner",
    "4": "VinbÃ¦ltet 34",
    "5": "Kobenhavn",
    "6": "NULL",
    "7": "1734",
    "8": "Denmark",
    "9": "31 12 34 56",
    "10": "31 13 35 57"
  },
  {
    "0": "SPECD",
    "1": "SpÃ©cialitÃ©s du monde",
    "2": "Dominique Perrier",
    "3": "Marketing Manager",
    "4": "25 rue Lauriston",
    "5": "Paris",
    "6": "NULL",
    "7": "75016",
    "8": "France",
    "9": "(1) 47.55.60.10",
    "10": "(1) 47.55.60.20"
  },
  {
    "0": "SPLIR",
    "1": "Split Rail Beer & Ale",
    "2": "Art Braunschweiger",
    "3": "Sales Manager",
    "4": "P.O. Box 555",
    "5": "Lander",
    "6": "WY",
    "7": "82520",
    "8": "USA",
    "9": "(307) 555-4680",
    "10": "(307) 555-6525"
  },
  {
    "0": "SUPRD",
    "1": "SuprÃªmes dÃ©lices",
    "2": "Pascale Cartrain",
    "3": "Accounting Manager",
    "4": "Boulevard Tirou 255",
    "5": "Charleroi",
    "6": "NULL",
    "7": "B-6000",
    "8": "Belgium",
    "9": "(071) 23 67 22 20",
    "10": "(071) 23 67 22 21"
  },
  {
    "0": "THEBI",
    "1": "The Big Cheese",
    "2": "Liz Nixon",
    "3": "Marketing Manager",
    "4": "89 Jefferson Way Suite 2",
    "5": "Portland",
    "6": "OR",
    "7": "97201",
    "8": "USA",
    "9": "(503) 555-3612",
    "10": "NULL"
  },
  {
    "0": "THECR",
    "1": "The Cracker Box",
    "2": "Liu Wong",
    "3": "Marketing Assistant",
    "4": "55 Grizzly Peak Rd.",
    "5": "Butte",
    "6": "MT",
    "7": "59801",
    "8": "USA",
    "9": "(406) 555-5834",
    "10": "(406) 555-8083"
  },
  {
    "0": "TOMSP",
    "1": "Toms SpezialitÃ¤ten",
    "2": "Karin Josephs",
    "3": "Marketing Manager",
    "4": "Luisenstr. 48",
    "5": "MÃ¼nster",
    "6": "NULL",
    "7": "44087",
    "8": "Germany",
    "9": "0251-031259",
    "10": "0251-035695"
  },
  {
    "0": "TORTU",
    "1": "Tortuga Restaurante",
    "2": "Miguel Angel Paolino",
    "3": "Owner",
    "4": "Avda. Azteca 123",
    "5": "MÃ©xico D.F.",
    "6": "NULL",
    "7": "05033",
    "8": "Mexico",
    "9": "(5) 555-2933",
    "10": "NULL"
  },
  {
    "0": "TRADH",
    "1": "TradiÃ§Ã£o Hipermercados",
    "2": "Anabela Domingues",
    "3": "Sales Representative",
    "4": "Av. InÃªs de Castro 414",
    "5": "Sao Paulo",
    "6": "SP",
    "7": "05634-030",
    "8": "Brazil",
    "9": "(11) 555-2167",
    "10": "(11) 555-2168"
  },
  {
    "0": "TRAIH",
    "1": "Trail's Head Gourmet Provisioners",
    "2": "Helvetius Nagy",
    "3": "Sales Associate",
    "4": "722 DaVinci Blvd.",
    "5": "Kirkland",
    "6": "WA",
    "7": "98034",
    "8": "USA",
    "9": "(206) 555-8257",
    "10": "(206) 555-2174"
  },
  {
    "0": "VAFFE",
    "1": "Vaffeljernet",
    "2": "Palle Ibsen",
    "3": "Sales Manager",
    "4": "Smagsloget 45",
    "5": "Ãrhus",
    "6": "NULL",
    "7": "8200",
    "8": "Denmark",
    "9": "86 21 32 43",
    "10": "86 22 33 44"
  },
  {
    "0": "VICTE",
    "1": "Victuailles en stock",
    "2": "Mary Saveley",
    "3": "Sales Agent",
    "4": "2 rue du Commerce",
    "5": "Lyon",
    "6": "NULL",
    "7": "69004",
    "8": "France",
    "9": "78.32.54.86",
    "10": "78.32.54.87"
  },
  {
    "0": "VINET",
    "1": "Vins et alcools Chevalier",
    "2": "Paul Henriot",
    "3": "Accounting Manager",
    "4": "59 rue de l'Abbaye",
    "5": "Reims",
    "6": "NULL",
    "7": "51100",
    "8": "France",
    "9": "26.47.15.10",
    "10": "26.47.15.11"
  },
  {
    "0": "WANDK",
    "1": "Die Wandernde Kuh",
    "2": "Rita MÃ¼ller",
    "3": "Sales Representative",
    "4": "Adenauerallee 900",
    "5": "Stuttgart",
    "6": "NULL",
    "7": "70563",
    "8": "Germany",
    "9": "0711-020361",
    "10": "0711-035428"
  },
  {
    "0": "WARTH",
    "1": "Wartian Herkku",
    "2": "Pirkko Koskitalo",
    "3": "Accounting Manager",
    "4": "Torikatu 38",
    "5": "Oulu",
    "6": "NULL",
    "7": "90110",
    "8": "Finland",
    "9": "981-443655",
    "10": "981-443655"
  },
  {
    "0": "WELLI",
    "1": "Wellington Importadora",
    "2": "Paula Parente",
    "3": "Sales Manager",
    "4": "Rua do Mercado 12",
    "5": "Resende",
    "6": "SP",
    "7": "08737-363",
    "8": "Brazil",
    "9": "(14) 555-8122",
    "10": "NULL"
  },
  {
    "0": "WHITC",
    "1": "White Clover Markets",
    "2": "Karl Jablonski",
    "3": "Owner",
    "4": "305 - 14th Ave. S. Suite 3B",
    "5": "Seattle",
    "6": "WA",
    "7": "98128",
    "8": "USA",
    "9": "(206) 555-4112",
    "10": "(206) 555-4115"
  },
  {
    "0": "WILMK",
    "1": "Wilman Kala",
    "2": "Matti Karttunen",
    "3": "Owner/Marketing Assistant",
    "4": "Keskuskatu 45",
    "5": "Helsinki",
    "6": "NULL",
    "7": "21240",
    "8": "Finland",
    "9": "90-224 8858",
    "10": "90-224 8858"
  },
  {
    "0": "WOLZA",
    "1": "Wolski  Zajazd",
    "2": "Zbyszek Piestrzeniewicz",
    "3": "Owner",
    "4": "ul. Filtrowa 68",
    "5": "Warszawa",
    "6": "NULL",
    "7": "01-012",
    "8": "Poland",
    "9": "(26) 642-7012",
    "10": "(26) 642-7012"
  }
]
