[
  {
    "0": "productID",
    "1": "productName",
    "2": "supplierID",
    "3": "categoryID",
    "4": "quantityPerUnit",
    "5": "unitPrice",
    "6": "unitsInStock",
    "7": "unitsOnOrder",
    "8": "reorderLevel",
    "9": "discontinued"
  },
  {
    "0": "1",
    "1": "Chai",
    "2": "1",
    "3": "1",
    "4": "10 boxes x 20 bags",
    "5": "18.00",
    "6": "39",
    "7": "0",
    "8": "10",
    "9": "0"
  },
  {
    "0": "2",
    "1": "Chang",
    "2": "1",
    "3": "1",
    "4": "24 - 12 oz bottles",
    "5": "19.00",
    "6": "17",
    "7": "40",
    "8": "25",
    "9": "0"
  },
  {
    "0": "3",
    "1": "Aniseed Syrup",
    "2": "1",
    "3": "2",
    "4": "12 - 550 ml bottles",
    "5": "10.00",
    "6": "13",
    "7": "70",
    "8": "25",
    "9": "0"
  },
  {
    "0": "4",
    "1": "Chef Anton's Cajun Seasoning",
    "2": "2",
    "3": "2",
    "4": "48 - 6 oz jars",
    "5": "22.00",
    "6": "53",
    "7": "0",
    "8": "0",
    "9": "0"
  },
  {
    "0": "5",
    "1": "Chef Anton's Gumbo Mix",
    "2": "2",
    "3": "2",
    "4": "36 boxes",
    "5": "21.35",
    "6": "0",
    "7": "0",
    "8": "0",
    "9": "1"
  },
  {
    "0": "6",
    "1": "Grandma's Boysenberry Spread",
    "2": "3",
    "3": "2",
    "4": "12 - 8 oz jars",
    "5": "25.00",
    "6": "120",
    "7": "0",
    "8": "25",
    "9": "0"
  },
  {
    "0": "7",
    "1": "Uncle Bob's Organic Dried Pears",
    "2": "3",
    "3": "7",
    "4": "12 - 1 lb pkgs.",
    "5": "30.00",
    "6": "15",
    "7": "0",
    "8": "10",
    "9": "0"
  },
  {
    "0": "8",
    "1": "Northwoods Cranberry Sauce",
    "2": "3",
    "3": "2",
    "4": "12 - 12 oz jars",
    "5": "40.00",
    "6": "6",
    "7": "0",
    "8": "0",
    "9": "0"
  },
  {
    "0": "9",
    "1": "Mishi Kobe Niku",
    "2": "4",
    "3": "6",
    "4": "18 - 500 g pkgs.",
    "5": "97.00",
    "6": "29",
    "7": "0",
    "8": "0",
    "9": "1"
  },
  {
    "0": "10",
    "1": "Ikura",
    "2": "4",
    "3": "8",
    "4": "12 - 200 ml jars",
    "5": "31.00",
    "6": "31",
    "7": "0",
    "8": "0",
    "9": "0"
  },
  {
    "0": "11",
    "1": "Queso Cabrales",
    "2": "5",
    "3": "4",
    "4": "1 kg pkg.",
    "5": "21.00",
    "6": "22",
    "7": "30",
    "8": "30",
    "9": "0"
  },
  {
    "0": "12",
    "1": "Queso Manchego La Pastora",
    "2": "5",
    "3": "4",
    "4": "10 - 500 g pkgs.",
    "5": "38.00",
    "6": "86",
    "7": "0",
    "8": "0",
    "9": "0"
  },
  {
    "0": "13",
    "1": "Konbu",
    "2": "6",
    "3": "8",
    "4": "2 kg box",
    "5": "6.00",
    "6": "24",
    "7": "0",
    "8": "5",
    "9": "0"
  },
  {
    "0": "14",
    "1": "Tofu",
    "2": "6",
    "3": "7",
    "4": "40 - 100 g pkgs.",
    "5": "23.25",
    "6": "35",
    "7": "0",
    "8": "0",
    "9": "0"
  },
  {
    "0": "15",
    "1": "Genen Shouyu",
    "2": "6",
    "3": "2",
    "4": "24 - 250 ml bottles",
    "5": "15.50",
    "6": "39",
    "7": "0",
    "8": "5",
    "9": "0"
  },
  {
    "0": "16",
    "1": "Pavlova",
    "2": "7",
    "3": "3",
    "4": "32 - 500 g boxes",
    "5": "17.45",
    "6": "29",
    "7": "0",
    "8": "10",
    "9": "0"
  },
  {
    "0": "17",
    "1": "Alice Mutton",
    "2": "7",
    "3": "6",
    "4": "20 - 1 kg tins",
    "5": "39.00",
    "6": "0",
    "7": "0",
    "8": "0",
    "9": "1"
  },
  {
    "0": "18",
    "1": "Carnarvon Tigers",
    "2": "7",
    "3": "8",
    "4": "16 kg pkg.",
    "5": "62.50",
    "6": "42",
    "7": "0",
    "8": "0",
    "9": "0"
  },
  {
    "0": "19",
    "1": "Teatime Chocolate Biscuits",
    "2": "8",
    "3": "3",
    "4": "10 boxes x 12 pieces",
    "5": "9.20",
    "6": "25",
    "7": "0",
    "8": "5",
    "9": "0"
  },
  {
    "0": "20",
    "1": "Sir Rodney's Marmalade",
    "2": "8",
    "3": "3",
    "4": "30 gift boxes",
    "5": "81.00",
    "6": "40",
    "7": "0",
    "8": "0",
    "9": "0"
  },
  {
    "0": "21",
    "1": "Sir Rodney's Scones",
    "2": "8",
    "3": "3",
    "4": "24 pkgs. x 4 pieces",
    "5": "10.00",
    "6": "3",
    "7": "40",
    "8": "5",
    "9": "0"
  },
  {
    "0": "22",
    "1": "Gustaf's KnÃ¤ckebrÃ¶d",
    "2": "9",
    "3": "5",
    "4": "24 - 500 g pkgs.",
    "5": "21.00",
    "6": "104",
    "7": "0",
    "8": "25",
    "9": "0"
  },
  {
    "0": "23",
    "1": "TunnbrÃ¶d",
    "2": "9",
    "3": "5",
    "4": "12 - 250 g pkgs.",
    "5": "9.00",
    "6": "61",
    "7": "0",
    "8": "25",
    "9": "0"
  },
  {
    "0": "24",
    "1": "GuaranÃ¡ FantÃ¡stica",
    "2": "10",
    "3": "1",
    "4": "12 - 355 ml cans",
    "5": "4.50",
    "6": "20",
    "7": "0",
    "8": "0",
    "9": "1"
  },
  {
    "0": "25",
    "1": "NuNuCa NuÃ-Nougat-Creme",
    "2": "11",
    "3": "3",
    "4": "20 - 450 g glasses",
    "5": "14.00",
    "6": "76",
    "7": "0",
    "8": "30",
    "9": "0"
  },
  {
    "0": "26",
    "1": "GumbÃ¤r GummibÃ¤rchen",
    "2": "11",
    "3": "3",
    "4": "100 - 250 g bags",
    "5": "31.23",
    "6": "15",
    "7": "0",
    "8": "0",
    "9": "0"
  },
  {
    "0": "27",
    "1": "Schoggi Schokolade",
    "2": "11",
    "3": "3",
    "4": "100 - 100 g pieces",
    "5": "43.90",
    "6": "49",
    "7": "0",
    "8": "30",
    "9": "0"
  },
  {
    "0": "28",
    "1": "RÃ¶ssle Sauerkraut",
    "2": "12",
    "3": "7",
    "4": "25 - 825 g cans",
    "5": "45.60",
    "6": "26",
    "7": "0",
    "8": "0",
    "9": "1"
  },
  {
    "0": "29",
    "1": "ThÃ¼ringer Rostbratwurst",
    "2": "12",
    "3": "6",
    "4": "50 bags x 30 sausgs.",
    "5": "123.79",
    "6": "0",
    "7": "0",
    "8": "0",
    "9": "1"
  },
  {
    "0": "30",
    "1": "Nord-Ost Matjeshering",
    "2": "13",
    "3": "8",
    "4": "10 - 200 g glasses",
    "5": "25.89",
    "6": "10",
    "7": "0",
    "8": "15",
    "9": "0"
  },
  {
    "0": "31",
    "1": "Gorgonzola Telino",
    "2": "14",
    "3": "4",
    "4": "12 - 100 g pkgs",
    "5": "12.50",
    "6": "0",
    "7": "70",
    "8": "20",
    "9": "0"
  },
  {
    "0": "32",
    "1": "Mascarpone Fabioli",
    "2": "14",
    "3": "4",
    "4": "24 - 200 g pkgs.",
    "5": "32.00",
    "6": "9",
    "7": "40",
    "8": "25",
    "9": "0"
  },
  {
    "0": "33",
    "1": "Geitost",
    "2": "15",
    "3": "4",
    "4": "500 g",
    "5": "2.50",
    "6": "112",
    "7": "0",
    "8": "20",
    "9": "0"
  },
  {
    "0": "34",
    "1": "Sasquatch Ale",
    "2": "16",
    "3": "1",
    "4": "24 - 12 oz bottles",
    "5": "14.00",
    "6": "111",
    "7": "0",
    "8": "15",
    "9": "0"
  },
  {
    "0": "35",
    "1": "Steeleye Stout",
    "2": "16",
    "3": "1",
    "4": "24 - 12 oz bottles",
    "5": "18.00",
    "6": "20",
    "7": "0",
    "8": "15",
    "9": "0"
  },
  {
    "0": "36",
    "1": "Inlagd Sill",
    "2": "17",
    "3": "8",
    "4": "24 - 250 g  jars",
    "5": "19.00",
    "6": "112",
    "7": "0",
    "8": "20",
    "9": "0"
  },
  {
    "0": "37",
    "1": "Gravad lax",
    "2": "17",
    "3": "8",
    "4": "12 - 500 g pkgs.",
    "5": "26.00",
    "6": "11",
    "7": "50",
    "8": "25",
    "9": "0"
  },
  {
    "0": "38",
    "1": "CÃ´te de Blaye",
    "2": "18",
    "3": "1",
    "4": "12 - 75 cl bottles",
    "5": "263.50",
    "6": "17",
    "7": "0",
    "8": "15",
    "9": "0"
  },
  {
    "0": "39",
    "1": "Chartreuse verte",
    "2": "18",
    "3": "1",
    "4": "750 cc per bottle",
    "5": "18.00",
    "6": "69",
    "7": "0",
    "8": "5",
    "9": "0"
  },
  {
    "0": "40",
    "1": "Boston Crab Meat",
    "2": "19",
    "3": "8",
    "4": "24 - 4 oz tins",
    "5": "18.40",
    "6": "123",
    "7": "0",
    "8": "30",
    "9": "0"
  },
  {
    "0": "41",
    "1": "Jack's New England Clam Chowder",
    "2": "19",
    "3": "8",
    "4": "12 - 12 oz cans",
    "5": "9.65",
    "6": "85",
    "7": "0",
    "8": "10",
    "9": "0"
  },
  {
    "0": "42",
    "1": "Singaporean Hokkien Fried Mee",
    "2": "20",
    "3": "5",
    "4": "32 - 1 kg pkgs.",
    "5": "14.00",
    "6": "26",
    "7": "0",
    "8": "0",
    "9": "1"
  },
  {
    "0": "43",
    "1": "Ipoh Coffee",
    "2": "20",
    "3": "1",
    "4": "16 - 500 g tins",
    "5": "46.00",
    "6": "17",
    "7": "10",
    "8": "25",
    "9": "0"
  },
  {
    "0": "44",
    "1": "Gula Malacca",
    "2": "20",
    "3": "2",
    "4": "20 - 2 kg bags",
    "5": "19.45",
    "6": "27",
    "7": "0",
    "8": "15",
    "9": "0"
  },
  {
    "0": "45",
    "1": "Rogede sild",
    "2": "21",
    "3": "8",
    "4": "1k pkg.",
    "5": "9.50",
    "6": "5",
    "7": "70",
    "8": "15",
    "9": "0"
  },
  {
    "0": "46",
    "1": "Spegesild",
    "2": "21",
    "3": "8",
    "4": "4 - 450 g glasses",
    "5": "12.00",
    "6": "95",
    "7": "0",
    "8": "0",
    "9": "0"
  },
  {
    "0": "47",
    "1": "Zaanse koeken",
    "2": "22",
    "3": "3",
    "4": "10 - 4 oz boxes",
    "5": "9.50",
    "6": "36",
    "7": "0",
    "8": "0",
    "9": "0"
  },
  {
    "0": "48",
    "1": "Chocolade",
    "2": "22",
    "3": "3",
    "4": "10 pkgs.",
    "5": "12.75",
    "6": "15",
    "7": "70",
    "8": "25",
    "9": "0"
  },
  {
    "0": "49",
    "1": "Maxilaku",
    "2": "23",
    "3": "3",
    "4": "24 - 50 g pkgs.",
    "5": "20.00",
    "6": "10",
    "7": "60",
    "8": "15",
    "9": "0"
  },
  {
    "0": "50",
    "1": "Valkoinen suklaa",
    "2": "23",
    "3": "3",
    "4": "12 - 100 g bars",
    "5": "16.25",
    "6": "65",
    "7": "0",
    "8": "30",
    "9": "0"
  },
  {
    "0": "51",
    "1": "Manjimup Dried Apples",
    "2": "24",
    "3": "7",
    "4": "50 - 300 g pkgs.",
    "5": "53.00",
    "6": "20",
    "7": "0",
    "8": "10",
    "9": "0"
  },
  {
    "0": "52",
    "1": "Filo Mix",
    "2": "24",
    "3": "5",
    "4": "16 - 2 kg boxes",
    "5": "7.00",
    "6": "38",
    "7": "0",
    "8": "25",
    "9": "0"
  },
  {
    "0": "53",
    "1": "Perth Pasties",
    "2": "24",
    "3": "6",
    "4": "48 pieces",
    "5": "32.80",
    "6": "0",
    "7": "0",
    "8": "0",
    "9": "1"
  },
  {
    "0": "54",
    "1": "TourtiÃ¨re",
    "2": "25",
    "3": "6",
    "4": "16 pies",
    "5": "7.45",
    "6": "21",
    "7": "0",
    "8": "10",
    "9": "0"
  },
  {
    "0": "55",
    "1": "PÃ¢tÃ© chinois",
    "2": "25",
    "3": "6",
    "4": "24 boxes x 2 pies",
    "5": "24.00",
    "6": "115",
    "7": "0",
    "8": "20",
    "9": "0"
  },
  {
    "0": "56",
    "1": "Gnocchi di nonna Alice",
    "2": "26",
    "3": "5",
    "4": "24 - 250 g pkgs.",
    "5": "38.00",
    "6": "21",
    "7": "10",
    "8": "30",
    "9": "0"
  },
  {
    "0": "57",
    "1": "Ravioli Angelo",
    "2": "26",
    "3": "5",
    "4": "24 - 250 g pkgs.",
    "5": "19.50",
    "6": "36",
    "7": "0",
    "8": "20",
    "9": "0"
  },
  {
    "0": "58",
    "1": "Escargots de Bourgogne",
    "2": "27",
    "3": "8",
    "4": "24 pieces",
    "5": "13.25",
    "6": "62",
    "7": "0",
    "8": "20",
    "9": "0"
  },
  {
    "0": "59",
    "1": "Raclette Courdavault",
    "2": "28",
    "3": "4",
    "4": "5 kg pkg.",
    "5": "55.00",
    "6": "79",
    "7": "0",
    "8": "0",
    "9": "0"
  },
  {
    "0": "60",
    "1": "Camembert Pierrot",
    "2": "28",
    "3": "4",
    "4": "15 - 300 g rounds",
    "5": "34.00",
    "6": "19",
    "7": "0",
    "8": "0",
    "9": "0"
  },
  {
    "0": "61",
    "1": "Sirop d'Ã©rable",
    "2": "29",
    "3": "2",
    "4": "24 - 500 ml bottles",
    "5": "28.50",
    "6": "113",
    "7": "0",
    "8": "25",
    "9": "0"
  },
  {
    "0": "62",
    "1": "Tarte au sucre",
    "2": "29",
    "3": "3",
    "4": "48 pies",
    "5": "49.30",
    "6": "17",
    "7": "0",
    "8": "0",
    "9": "0"
  },
  {
    "0": "63",
    "1": "Vegie-spread",
    "2": "7",
    "3": "2",
    "4": "15 - 625 g jars",
    "5": "43.90",
    "6": "24",
    "7": "0",
    "8": "5",
    "9": "0"
  },
  {
    "0": "64",
    "1": "Wimmers gute SemmelknÃ¶del",
    "2": "12",
    "3": "5",
    "4": "20 bags x 4 pieces",
    "5": "33.25",
    "6": "22",
    "7": "80",
    "8": "30",
    "9": "0"
  },
  {
    "0": "65",
    "1": "Louisiana Fiery Hot Pepper Sauce",
    "2": "2",
    "3": "2",
    "4": "32 - 8 oz bottles",
    "5": "21.05",
    "6": "76",
    "7": "0",
    "8": "0",
    "9": "0"
  },
  {
    "0": "66",
    "1": "Louisiana Hot Spiced Okra",
    "2": "2",
    "3": "2",
    "4": "24 - 8 oz jars",
    "5": "17.00",
    "6": "4",
    "7": "100",
    "8": "20",
    "9": "0"
  },
  {
    "0": "67",
    "1": "Laughing Lumberjack Lager",
    "2": "16",
    "3": "1",
    "4": "24 - 12 oz bottles",
    "5": "14.00",
    "6": "52",
    "7": "0",
    "8": "10",
    "9": "0"
  },
  {
    "0": "68",
    "1": "Scottish Longbreads",
    "2": "8",
    "3": "3",
    "4": "10 boxes x 8 pieces",
    "5": "12.50",
    "6": "6",
    "7": "10",
    "8": "15",
    "9": "0"
  },
  {
    "0": "69",
    "1": "Gudbrandsdalsost",
    "2": "15",
    "3": "4",
    "4": "10 kg pkg.",
    "5": "36.00",
    "6": "26",
    "7": "0",
    "8": "15",
    "9": "0"
  },
  {
    "0": "70",
    "1": "Outback Lager",
    "2": "7",
    "3": "1",
    "4": "24 - 355 ml bottles",
    "5": "15.00",
    "6": "15",
    "7": "10",
    "8": "30",
    "9": "0"
  },
  {
    "0": "71",
    "1": "Flotemysost",
    "2": "15",
    "3": "4",
    "4": "10 - 500 g pkgs.",
    "5": "21.50",
    "6": "26",
    "7": "0",
    "8": "0",
    "9": "0"
  },
  {
    "0": "72",
    "1": "Mozzarella di Giovanni",
    "2": "14",
    "3": "4",
    "4": "24 - 200 g pkgs.",
    "5": "34.80",
    "6": "14",
    "7": "0",
    "8": "0",
    "9": "0"
  },
  {
    "0": "73",
    "1": "RÃ¶d Kaviar",
    "2": "17",
    "3": "8",
    "4": "24 - 150 g jars",
    "5": "15.00",
    "6": "101",
    "7": "0",
    "8": "5",
    "9": "0"
  },
  {
    "0": "74",
    "1": "Longlife Tofu",
    "2": "4",
    "3": "7",
    "4": "5 kg pkg.",
    "5": "10.00",
    "6": "4",
    "7": "20",
    "8": "5",
    "9": "0"
  },
  {
    "0": "75",
    "1": "RhÃ¶nbrÃ¤u Klosterbier",
    "2": "12",
    "3": "1",
    "4": "24 - 0.5 l bottles",
    "5": "7.75",
    "6": "125",
    "7": "0",
    "8": "25",
    "9": "0"
  },
  {
    "0": "76",
    "1": "LakkalikÃ¶Ã¶ri",
    "2": "23",
    "3": "1",
    "4": "500 ml",
    "5": "18.00",
    "6": "57",
    "7": "0",
    "8": "20",
    "9": "0"
  },
  {
    "0": "77",
    "1": "Original Frankfurter grÃ¼ne SoÃe",
    "2": "12",
    "3": "2",
    "4": "12 boxes",
    "5": "13.00",
    "6": "32",
    "7": "0",
    "8": "15",
    "9": "0"
  }
]
