[
  {
    "0": "contact_name",
    "1": "address",
    "2": "city",
    "3": "postal_code",
    "4": "country"
  },
  {
    "0": "Maria Anders",
    "1": "Obere Str. 57",
    "2": "Berlin",
    "3": "12209",
    "4": "Germany"
  },
  {
    "0": "Ana Trujillo",
    "1": "Avda. de la ConstituciÃ³n 2222",
    "2": "MÃ©xico D.F.",
    "3": "05021",
    "4": "Mexico"
  },
  {
    "0": "Antonio Moreno",
    "1": "Mataderos  2312",
    "2": "MÃ©xico D.F.",
    "3": "05023",
    "4": "Mexico"
  },
  {
    "0": "Thomas Hardy",
    "1": "120 Hanover Sq.",
    "2": "London",
    "3": "WA1 1DP",
    "4": "UK"
  },
  {
    "0": "Christina Berglund",
    "1": "BerguvsvÃ¤gen  8",
    "2": "LuleÃ¥",
    "3": "S-958 22",
    "4": "Sweden"
  },
  {
    "0": "Hanna Moos",
    "1": "Forsterstr. 57",
    "2": "Mannheim",
    "3": "68306",
    "4": "Germany"
  },
  {
    "0": "FrÃ©dÃ©rique Citeaux",
    "1": "24 place KlÃ©ber",
    "2": "Strasbourg",
    "3": "67000",
    "4": "France"
  },
  {
    "0": "MartÃ­n Sommer",
    "1": "67C Araquil",
    "2": "Madrid",
    "3": "28023",
    "4": "Spain"
  },
  {
    "0": "Laurence Lebihan",
    "1": "12 rue des Bouchers",
    "2": "Marseille",
    "3": "13008",
    "4": "France"
  },
  {
    "0": "Elizabeth Lincoln",
    "1": "23 Tsawassen Blvd.",
    "2": "Tsawassen",
    "3": "T2F 8M4",
    "4": "Canada"
  },
  {
    "0": "Victoria Ashworth",
    "1": "Fauntleroy Circus",
    "2": "London",
    "3": "EC2 5NT",
    "4": "UK"
  },
  {
    "0": "Patricio Simpson",
    "1": "Cerrito 333",
    "2": "Buenos Aires",
    "3": "1010",
    "4": "Argentina"
  },
  {
    "0": "Francisco Chang",
    "1": "Sierras de Granada 9993",
    "2": "MÃ©xico D.F.",
    "3": "05022",
    "4": "Mexico"
  },
  {
    "0": "Yang Wang",
    "1": "Hauptstr. 29",
    "2": "Bern",
    "3": "3012",
    "4": "Switzerland"
  },
  {
    "0": "Pedro Afonso",
    "1": "23 Av. dos LusÃ­adas",
    "2": "Sao Paulo",
    "3": "05432-043",
    "4": "Brazil"
  },
  {
    "0": "Elizabeth Brown",
    "1": "Berkeley Gardens 12  Brewery",
    "2": "London",
    "3": "WX1 6LT",
    "4": "UK"
  },
  {
    "0": "Sven Ottlieb",
    "1": "Walserweg 21",
    "2": "Aachen",
    "3": "52066",
    "4": "Germany"
  },
  {
    "0": "Janine Labrune",
    "1": "67 rue des Cinquante Otages",
    "2": "Nantes",
    "3": "44000",
    "4": "France"
  }
]
